title	views	revenue	rpm
피망 바둑 다운로드 바로가기 - 더픽	79	14.0513	177.86
kb국민카드 홈페이지 바로가기 - 더픽	156	25.9650	166.44
nh농협카드 홈페이지 바로가기 - 더픽	130	16.8267	129.44
2026년 경제총조사 홈페이지 바로가기 - 더픽	29	3.7257	128.47
네이버 밴드 앱 다운로드 - 더픽	121	15.4544	127.72
국민건강보험공단 홈페이지 바로가기 - 더픽	14	1.7614	125.81
어카운트인포 앱 설치방법 사용법 인증서 조회 어플 - 더픽	197	24.6671	125.21
타이젬 바둑 설치앱 무료 대국실 접속 바로가기 - 더픽	70	8.7040	124.34
농업e지 신청 방법 원패스 통합 관리 및 홈페이지 바로가기 - 더픽	9	1.0898	121.09
카카오버스 앱 다운로드 - 더픽	76	9.1834	120.83
원기날씨 앱 정확도 설치 위젯 기상청 설치 및 다운로드 - 더픽	139	16.4264	118.18
손목닥터 포인트 사용법 전환 - 더픽	42	4.8705	115.97
국세청 홈택스 손택스 앱 설치 및 다운로드 - 더픽	33	3.8267	115.96
넷마블 바둑 장기 pc 설치 모바일 바로가기 - 더픽	65	7.2527	111.58
생활안정자금 대출 생활비대출 신청하기 - 더픽	182	20.0674	110.26
뱅크샐러드 앱 설치 및 다운로드 바로가기 - 더픽	25	2.7391	109.56
IBK기업은행 홈페이지 바로가기 - 더픽	48	5.1920	108.17
BC카드 홈페이지 바로가기 - 더픽	199	21.3992	107.53
현대해상 실버보험 보험금 청구 바로가기 - 더픽	99	10.2594	103.63
국민연금 실버론 대출 신청 바로가기 - 더픽	44	4.5318	102.99
한게임 바둑 앱 다운로드 및 설치 - 더픽	29	2.9750	102.59
신한카드 고객센터 바로가기 - 더픽	38	3.8765	102.01
우리카드 홈페이지 바로가기 - 더픽	26	2.5959	99.84
비플페이 사용법 어플 앱 설치 다운로드 - 더픽	26	2.5797	99.22
꽃이름 식물이름 찾는 어플 다운로드 - 더픽	36	3.5375	98.26
신세계홈쇼핑 고객센터 바로가기 - 더픽	24	2.3371	97.38
생태맘 청국장가루 예약 방법 홈페이지 바로가기 - 더픽	71	6.8892	97.03
테무 고객센터 바로가기 - 더픽	49	4.7071	96.06
국민비서 앱 알림서비스 어플 설치 다운로드 방법 2026 - 더픽	79	7.5884	96.06
알리익스프레스 앱 다운로드 설치방법 - 더픽	17	1.6209	95.34
국민청원 청원24 사이트 바로가기 - 더픽	10	0.9398	93.98
엠세이퍼 홈페이지 msafer 바로가기 - 더픽	17	1.5519	91.29
농협공판장 온라인 경매 플랫폼 바로가기 - 더픽	122	11.1099	91.06
온비드 공매 사이트 방법 입찰 명도 아파트 물건 조회 알아보기 - 더픽	21	1.8645	88.79
ns홈쇼핑 고객센터 바로가기 - 더픽	74	6.5203	88.11
기업은행 앱 설치 다운로드 바로가기 - 더픽	12	1.0473	87.28
정당 온라인 입당 및 탈당 신청 안내 (더불어민주당, 국민의힘 바로가기)	292	25.4199	87.05
무명전설 전국투어 콘서트 티켓 예매 바로가기 - 더픽	175	15.0177	85.82
실손24 보험청구 바로가기 - 더픽	98	8.1910	83.58
바탈리언 오일 주가 토스 바로가기 - 더픽	9	0.7416	82.40
고용24 홈페이지 바로가기 - 더픽	34	2.7889	82.03
모바일 건강보험증 발급 및 다운로드 - 더픽	16	1.3035	81.47
노인일자리여기 https://www.seniorro.or.kr 바로가기 - 더픽	20	1.6023	80.11
노란우산 고객센터 바로가기 - 더픽	174	13.8069	79.35
함양 대봉산 모노레일 예약 방법 요금 코스 총정리 - 더픽	76	5.9405	78.16
안전신문고 바로가기 - 더픽	80	6.2065	77.58
카카오택시 고객센터 사용법 경유지 추가 예약 쿠폰 결제 알아보기 - 더픽	21	1.6258	77.42
2026 자녀장려금 신청 기준 재산 조회 지급일 조건 - 더픽	34	2.6286	77.31
중고나라 카페 바로가기 - 더픽	33	2.5455	77.14
예다함 고객센터 바로가기 - 더픽	200	15.3204	76.60
소상공인 홈페이지 바로가기 - 더픽	23	1.7575	76.41
종합소득세 신고 국세청 홈택스 바로가기 - 더픽	183	13.9184	76.06
보험비교사이트 바로가기 - 더픽	150	11.3574	75.72
공영홈쇼핑 고객센터 전화번호 운영시간 상담사연결 바로가기 - 더픽	165	12.3055	74.58
삼성증권 홈페이지 바로가기 - 더픽	15	1.1159	74.40
가평 청리움 예약 방법 숙소 가격 사이트 바로가기 - 더픽	190	13.7214	72.22
AIA 생명 보험금 청구 홈페이지 바로가기 - 더픽	244	17.5028	71.73
강원도청 홈페이지 바로가기 - 더픽	48	3.4161	71.17
과천 경마공원 시간 주차 주차장 경기 어플 다운로드 - 더픽	36	2.5213	70.04
롯데카드 홈페이지 바로가기 - 더픽	62	4.3083	69.49
